PSSM(1),PSSM(2),PSSM(3),PSSM(4),PSSM(5),PSSM(6),PSSM(7),PSSM(8),PSSM(9),PSSM(10),PSSM(11),PSSM(12),PSSM(13),PSSM(14),PSSM(15),PSSM(16),PSSM(17),PSSM(18),PSSM(19),PSSM(20)
 -2, -2,  1,  6, -3,  0,  2, -1, -1, -3, -4, -1, -3, -3, -1,  0, -1, -4, -3, -3
 -3, -3, -4, -4, -2, -2, -3, -2, -2, -3, -2, -3, -1,  1, -4, -3, -2, 10,  2, -3
 -1, -2, -3, -4, -1, -2, -3, -4, -3,  2,  4, -2,  2,  0, -3, -2, -1, -2, -1,  1
 -1,  2,  0, -1, -3,  1,  1, -2, -1, -3, -2,  4, -1, -3, -1,  0, -1, -3, -2, -2
  4, -1, -2, -2,  0, -1, -1,  0, -2, -1, -1, -1, -1, -2, -1,  1,  0, -3, -2,  0
 -1,  5,  0, -2, -3,  1,  0, -2,  0, -3, -2,  2, -1, -3, -2, -1, -1, -3, -2, -2
  0, -2, -3, -3, -1, -2, -2, -3, -3,  3,  1, -2,  1, -1, -2, -2,  0, -3, -1,  4
 -1,  0,  0,  2, -4,  2,  5, -2,  0, -3, -3,  1, -2, -3, -1,  0, -1, -3, -2, -2
 -1,  1,  0,  0, -3,  5,  2, -2,  0, -3, -2,  1,  0, -3, -1,  0, -1, -2, -1, -2
 -1,  0,  0,  2, -4,  2,  5, -2,  0, -3, -3,  1, -2, -3, -1,  0, -1, -3, -2, -2
 -1, -2, -3, -4, -1, -2, -3, -4, -3,  2,  4, -2,  2,  0, -3, -2, -1, -2, -1,  1
 -1,  1,  0,  0, -3,  5,  2, -2,  0, -3, -2,  1,  0, -3, -1,  0, -1, -2, -1, -2
  4, -1, -2, -2,  0, -1, -1,  0, -2, -1, -1, -1, -1, -2, -1,  1,  0, -3, -2,  0
 -1, -2, -3, -4, -1, -2, -3, -4, -3,  2,  4, -2,  2,  0, -3, -2, -1, -2, -1,  1
 -1,  0,  0,  2, -4,  2,  5, -2,  0, -3, -3,  1, -2, -3, -1,  0, -1, -3, -2, -2
  4, -1, -2, -2,  0, -1, -1,  0, -2, -1, -1, -1, -1, -2, -1,  1,  0, -3, -2,  0
 -1,  5,  0, -2, -3,  1,  0, -2,  0, -3, -2,  2, -1, -3, -2, -1, -1, -3, -2, -2
  0, -2,  0, -1, -2, -2, -2,  6, -2, -4, -4, -2, -3, -3, -2,  0, -2, -2, -3, -3
  0, -1,  0, -1, -1, -1, -1, -2, -2, -1, -1, -1, -1, -2, -1,  1,  5, -2, -2,  0
 -2, -2,  1,  6, -3,  0,  2, -1, -1, -3, -4, -1, -3, -3, -1,  0, -1, -4, -3, -3
  1, -1,  1,  0, -1,  0,  0,  0, -1, -2, -2,  0, -1, -2, -1,  4,  1, -3, -2, -2
 -2,  0,  6,  1, -3,  0,  0,  0,  1, -3, -3,  0, -2, -3, -2,  1,  0, -4, -2, -3
  4, -1, -2, -2,  0, -1, -1,  0, -2, -1, -1, -1, -1, -2, -1,  1,  0, -3, -2,  0
 -1,  0,  0,  2, -4,  2,  5, -2,  0, -3, -3,  1, -2, -3, -1,  0, -1, -3, -2, -2
 -1, -2, -3, -4, -1, -2, -3, -4, -3,  2,  4, -2,  2,  0, -3, -2, -1, -2, -1,  1
 -1,  5,  0, -2, -3,  1,  0, -2,  0, -3, -2,  2, -1, -3, -2, -1, -1, -3, -2, -2
  4, -1, -2, -2,  0, -1, -1,  0, -2, -1, -1, -1, -1, -2, -1,  1,  0, -3, -2,  0
 -1, -1, -2, -3, -1,  0, -2, -3, -2,  1,  2, -1,  5,  0, -2, -1, -1, -1, -1,  1
 -1,  0,  0,  2, -4,  2,  5, -2,  0, -3, -3,  1, -2, -3, -1,  0, -1, -3, -2, -2
  4, -1, -2, -2,  0, -1, -1,  0, -2, -1, -1, -1, -1, -2, -1,  1,  0, -3, -2,  0
 -1,  2,  0, -1, -3,  1,  1, -2, -1, -3, -2,  4, -1, -3, -1,  0, -1, -3, -2, -2
 -1, -2, -3, -4, -1, -2, -3, -4, -3,  2,  4, -2,  2,  0, -3, -2, -1, -2, -1,  1
 -1,  2,  0, -1, -3,  1,  1, -2, -1, -3, -2,  4, -1, -3, -1,  0, -1, -3, -2, -2
  4, -1, -2, -2,  0, -1, -1,  0, -2, -1, -1, -1, -1, -2, -1,  1,  0, -3, -2,  0
 -1,  0,  0,  2, -4,  2,  5, -2,  0, -3, -3,  1, -2, -3, -1,  0, -1, -3, -2, -2
 -1, -3, -3, -3, -1, -3, -3, -4, -3,  4,  2, -3,  1,  0, -3, -2, -1, -3, -1,  3
 -1,  1,  0,  0, -3,  5,  2, -2,  0, -3, -2,  1,  0, -3, -1,  0, -1, -2, -1, -2
 -1,  2,  0, -1, -3,  1,  1, -2, -1, -3, -2,  4, -1, -3, -1,  0, -1, -3, -2, -2
